timestamp,temperature
2017-12-20T00:00:00Z,17.13222382236272
2017-12-20T01:00:00Z,16.05222382236272
2017-12-20T02:00:00Z,15.60222382236272
2017-12-20T03:00:00Z,15.502223822362721
2017-12-20T04:00:00Z,15.817678367817267
2017-12-20T05:00:00Z,15.660405640544539
2017-12-20T06:00:00Z,15.498587458726357
2017-12-20T07:00:00Z,16.09222382236272
2017-12-20T08:00:00Z,17.49313291327181
2017-12-20T09:00:00Z,19.06858745872636
2017-12-20T10:00:00Z,22.720405640544538
2017-12-20T11:00:00Z,24.454951095089992
2017-12-20T12:00:00Z,23.966769276908174
2017-12-20T13:00:00Z,24.16222382236272
2017-12-20T14:00:00Z,23.577678367817267
2017-12-20T15:00:00Z,24.149496549635447
2017-12-20T16:00:00Z,24.08222382236272
2017-12-20T17:00:00Z,21.424042004180905
2017-12-20T18:00:00Z,22.604042004180904
2017-12-20T19:00:00Z,21.965860185999084
2017-12-20T20:00:00Z,21.057678367817267
2017-12-20T21:00:00Z,19.44131473145363
2017-12-20T22:00:00Z,17.523132913271812
2017-12-20T23:00:00Z,15.61131473145363
2017-12-21T00:00:00Z,14.625860185999084
2017-12-21T01:00:00Z,13.925860185999085
2017-12-21T02:00:00Z,13.840405640544539
2017-12-21T03:00:00Z,13.424042004180903
2017-12-21T04:00:00Z,12.029496549635448
2017-12-21T05:00:00Z,10.775860185999084
2017-12-21T06:00:00Z,10.235860185999085
2017-12-21T07:00:00Z,14.898587458726357
2017-12-21T08:00:00Z,18.56131473145363
2017-12-21T09:00:00Z,21.528587458726356
2017-12-21T10:00:00Z,23.67131473145363
2017-12-21T11:00:00Z,25.188587458726357
2017-12-21T12:00:00Z,25.603132913271814
2017-12-21T13:00:00Z,25.574951095089993
2017-12-21T14:00:00Z,25.565860185999085
2017-12-21T15:00:00Z,25.744951095089995
2017-12-21T16:00:00Z,25.717678367817268
2017-12-21T17:00:00Z,25.522223822362722
2017-12-21T18:00:00Z,24.894042004180903
2017-12-21T19:00:00Z,23.612223822362722
2017-12-21T20:00:00Z,19.578587458726357
2017-12-21T21:00:00Z,16.034951095089994
2017-12-21T22:00:00Z,14.571314731453631
2017-12-21T23:00:00Z,13.495860185999085
2017-12-22T00:00:00Z,12.794951095089994
2017-12-22T01:00:00Z,14.20222382236272
2017-12-22T02:00:00Z,15.056769276908176
2017-12-22T03:00:00Z,12.707678367817266
2017-12-22T04:00:00Z,11.802223822362722
2017-12-22T05:00:00Z,11.024951095089994
2017-12-22T06:00:00Z,12.169496549635449
2017-12-22T07:00:00Z,16.676769276908175
2017-12-22T08:00:00Z,20.879496549635448
2017-12-22T09:00:00Z,24.573132913271813
2017-12-22T10:00:00Z,27.541314731453628
2017-12-22T11:00:00Z,28.387678367817266
2017-12-22T12:00:00Z,28.884951095089992
2017-12-22T13:00:00Z,28.786769276908174
2017-12-22T14:00:00Z,28.310405640544538
2017-12-22T15:00:00Z,26.539496549635448
2017-12-22T16:00:00Z,26.824042004180903
2017-12-22T17:00:00Z,27.14040564054454
2017-12-22T18:00:00Z,26.453132913271812
2017-12-22T19:00:00Z,24.675860185999085
2017-12-22T20:00:00Z,20.85040564054454
2017-12-22T21:00:00Z,17.656769276908175
2017-12-22T22:00:00Z,16.007678367817267
2017-12-22T23:00:00Z,14.798587458726358
2017-12-23T00:00:00Z,14.356769276908176
2017-12-23T01:00:00Z,14.036769276908176
2017-12-23T02:00:00Z,13.132223822362722
2017-12-23T03:00:00Z,12.787678367817266
2017-12-23T04:00:00Z,11.92222382236272
2017-12-23T05:00:00Z,11.972223822362722
2017-12-23T06:00:00Z,12.285860185999084
2017-12-23T07:00:00Z,16.237678367817267
2017-12-23T08:00:00Z,23.24858745872636
2017-12-23T09:00:00Z,27.329496549635447
2017-12-23T10:00:00Z,28.20949654963545
2017-12-23T11:00:00Z,28.72313291327181
2017-12-23T12:00:00Z,29.134951095089995
2017-12-23T13:00:00Z,28.949496549635448
2017-12-23T14:00:00Z,28.969496549635448
2017-12-23T15:00:00Z,26.954042004180902
2017-12-23T16:00:00Z,25.367678367817266
2017-12-23T17:00:00Z,25.576769276908177
2017-12-23T18:00:00Z,24.996769276908175
2017-12-23T19:00:00Z,24.810405640544538
2017-12-23T20:00:00Z,24.21131473145363
2017-12-23T21:00:00Z,23.310405640544538
2017-12-23T22:00:00Z,21.362223822362722
2017-12-23T23:00:00Z,19.00222382236272
2017-12-24T00:00:00Z,20.558587458726358
2017-12-24T01:00:00Z,21.226769276908175
2017-12-24T02:00:00Z,23.198587458726358
2017-12-24T03:00:00Z,23.307678367817267
2017-12-24T04:00:00Z,21.188587458726357
2017-12-24T05:00:00Z,20.9940420041809
2017-12-24T06:00:00Z,19.76858745872636
2017-12-24T07:00:00Z,18.794951095089996
2017-12-24T08:00:00Z,18.96222382236272
2017-12-24T09:00:00Z,22.047678367817266
2017-12-24T10:00:00Z,23.933132913271812
2017-12-24T11:00:00Z,24.85040564054454
2017-12-24T12:00:00Z,25.73040564054454
2017-12-24T13:00:00Z,25.937678367817266
2017-12-24T14:00:00Z,26.324042004180903
2017-12-24T15:00:00Z,25.977678367817266
2017-12-24T16:00:00Z,26.527678367817266
2017-12-24T17:00:00Z,26.373132913271814
2017-12-24T18:00:00Z,25.687678367817266
2017-12-24T19:00:00Z,25.29889048902939
2017-12-25T04:00:00Z,13.572223822362721
2017-12-25T05:00:00Z,13.23131473145363
2017-12-25T06:00:00Z,12.614951095089994
2017-12-25T07:00:00Z,15.147678367817267
2017-12-25T08:00:00Z,17.80222382236272
2017-12-25T09:00:00Z,20.16131473145363
2017-12-25T10:00:00Z,22.292223822362722
2017-12-25T11:00:00Z,23.736769276908177
2017-12-25T12:00:00Z,24.880405640544538
2017-12-25T13:00:00Z,25.61131473145363
2017-12-25T14:00:00Z,26.099496549635447
2017-12-25T15:00:00Z,26.425860185999085
2017-12-25T16:00:00Z,26.684951095089993
2017-12-25T17:00:00Z,26.694951095089994
2017-12-25T18:00:00Z,26.447678367817268
2017-12-25T19:00:00Z,25.27040564054454
2017-12-25T20:00:00Z,22.420405640544537
2017-12-25T21:00:00Z,20.36040564054454
2017-12-25T22:00:00Z,19.220405640544538
2017-12-25T23:00:00Z,18.85040564054454
2017-12-26T00:00:00Z,17.406769276908175
2017-12-26T01:00:00Z,16.174042004180905
2017-12-26T02:00:00Z,14.679496549635449
2017-12-26T03:00:00Z,14.03131473145363
2017-12-26T04:00:00Z,12.724951095089994
2017-12-26T05:00:00Z,12.264951095089993
2017-12-26T06:00:00Z,12.408587458726357
2017-12-26T07:00:00Z,16.547678367817266
2017-12-26T08:00:00Z,21.35313291327181
2017-12-26T09:00:00Z,24.413132913271813
2017-12-26T10:00:00Z,27.13949654963545
2017-12-26T11:00:00Z,29.267678367817265
2017-12-26T12:00:00Z,30.246769276908175
2017-12-26T13:00:00Z,30.69313291327181
2017-12-26T14:00:00Z,30.5640420041809
2017-12-26T15:00:00Z,30.207678367817266
2017-12-26T16:00:00Z,29.385860185999086
2017-12-26T17:00:00Z,29.078587458726357
2017-12-26T18:00:00Z,28.773132913271812
2017-12-26T19:00:00Z,26.84040564054454
2017-12-26T20:00:00Z,22.880405640544538
2017-12-26T21:00:00Z,19.846769276908176
2017-12-26T22:00:00Z,18.235860185999083
2017-12-26T23:00:00Z,17.224951095089992
2017-12-27T00:00:00Z,16.494042004180905
2017-12-27T01:00:00Z,17.99313291327181
2017-12-27T02:00:00Z,20.42131473145363
2017-12-27T03:00:00Z,20.164951095089993
2017-12-27T04:00:00Z,20.058587458726358
2017-12-27T05:00:00Z,19.035860185999084
2017-12-27T06:00:00Z,19.274951095089992
2017-12-27T07:00:00Z,21.688587458726357
2017-12-27T08:00:00Z,24.265860185999085
2017-12-27T09:00:00Z,26.667678367817267
2017-12-27T10:00:00Z,28.849496549635447
2017-12-27T11:00:00Z,30.538587458726358
2017-12-27T12:00:00Z,31.60313291327181
2017-12-27T13:00:00Z,32.0740420041809
2017-12-27T14:00:00Z,31.956769276908176
2017-12-27T15:00:00Z,31.307678367817267
2017-12-27T16:00:00Z,31.399496549635447
2017-12-27T17:00:00Z,30.810405640544538
2017-12-27T18:00:00Z,30.48222382236272
2017-12-27T19:00:00Z,27.375860185999084
2017-12-27T20:00:00Z,24.886769276908176
2017-12-27T21:00:00Z,23.847678367817267
2017-12-27T22:00:00Z,23.01131473145363
2017-12-27T23:00:00Z,24.906769276908175
2017-12-28T00:00:00Z,25.213132913271814
2017-12-28T01:00:00Z,22.380405640544538
2017-12-28T02:00:00Z,21.884951095089992
2017-12-28T03:00:00Z,21.72949654963545
2017-12-28T04:00:00Z,21.857678367817268
2017-12-28T05:00:00Z,21.776769276908176
2017-12-28T06:00:00Z,21.206769276908176
2017-12-28T07:00:00Z,21.97222382236272
2017-12-28T08:00:00Z,23.893132913271813
2017-12-28T09:00:00Z,26.614042004180902
2017-12-28T10:00:00Z,31.01949654963545
2017-12-28T11:00:00Z,32.34040564054454
2017-12-28T12:00:00Z,33.20313291327181
2017-12-28T13:00:00Z,31.41040564054454
2017-12-28T14:00:00Z,30.565860185999085
2017-12-28T15:00:00Z,30.274042004180902
2017-12-28T16:00:00Z,28.307678367817267
2017-12-28T17:00:00Z,28.417678367817267
2017-12-28T18:00:00Z,28.118587458726356
2017-12-28T19:00:00Z,28.074042004180903
2017-12-28T20:00:00Z,27.13949654963545
2017-12-28T21:00:00Z,24.9940420041809
2017-12-28T22:00:00Z,24.002223822362723
2017-12-28T23:00:00Z,24.764042004180904
2017-12-29T00:00:00Z,25.486769276908177
2017-12-29T01:00:00Z,23.85313291327181
2017-12-29T02:00:00Z,22.735860185999083
2017-12-29T03:00:00Z,22.827678367817267
2017-12-29T04:00:00Z,22.864951095089992
2017-12-29T05:00:00Z,22.4940420041809
2017-12-29T06:00:00Z,22.356769276908175
2017-12-29T07:00:00Z,22.698587458726358
2017-12-29T08:00:00Z,23.893132913271813
2017-12-29T09:00:00Z,26.88131473145363
2017-12-29T10:00:00Z,25.783132913271814
2017-12-29T11:00:00Z,27.44131473145363
2017-12-29T12:00:00Z,28.869496549635446
2017-12-29T13:00:00Z,27.035860185999084
2017-12-29T14:00:00Z,26.55313291327181
2017-12-29T15:00:00Z,26.044951095089996
2017-12-29T16:00:00Z,25.704951095089992
2017-12-29T17:00:00Z,25.00131473145363
2017-12-29T18:00:00Z,25.284042004180904
2017-12-29T19:00:00Z,25.086769276908175
2017-12-29T20:00:00Z,24.27131473145363
2017-12-29T21:00:00Z,23.03131473145363
2017-12-29T22:00:00Z,22.77131473145363
2017-12-29T23:00:00Z,21.36949654963545
2017-12-30T00:00:00Z,18.435860185999086
2017-12-30T01:00:00Z,17.637678367817266
2017-12-30T02:00:00Z,17.57040564054454
2017-12-30T03:00:00Z,16.5840420041809
2017-12-30T04:00:00Z,15.344042004180903
2017-12-30T05:00:00Z,13.162223822362721
2017-12-30T06:00:00Z,12.158587458726357
2017-12-30T07:00:00Z,15.804042004180904
2017-12-30T08:00:00Z,19.40858745872636
2017-12-30T09:00:00Z,21.845860185999083
2017-12-30T10:00:00Z,23.40949654963545
2017-12-30T11:00:00Z,24.905860185999085
2017-12-30T12:00:00Z,24.975860185999085
2017-12-30T13:00:00Z,24.988587458726357
2017-12-30T14:00:00Z,24.926769276908175
2017-12-30T15:00:00Z,24.400405640544538
2017-12-30T16:00:00Z,24.059496549635448
2017-12-30T17:00:00Z,24.205860185999086
2017-12-30T18:00:00Z,24.08131473145363
2017-12-30T19:00:00Z,23.014042004180904
2017-12-30T20:00:00Z,20.76222382236272
2017-12-30T21:00:00Z,17.862223822362722
2017-12-30T22:00:00Z,14.544951095089994
2017-12-30T23:00:00Z,13.13131473145363
2017-12-31T00:00:00Z,14.414042004180903
2017-12-31T01:00:00Z,14.245860185999085
2017-12-31T02:00:00Z,13.988587458726357
2017-12-31T03:00:00Z,12.81131473145363
2017-12-31T04:00:00Z,10.888587458726358
2017-12-31T05:00:00Z,9.742223822362721
2017-12-31T06:00:00Z,9.833132913271811
2017-12-31T07:00:00Z,14.754042004180903
2017-12-31T08:00:00Z,19.798587458726356
2017-12-31T09:00:00Z,23.56313291327181
2017-12-31T10:00:00Z,26.425860185999085
2017-12-31T11:00:00Z,27.598587458726357
2017-12-31T12:00:00Z,27.295860185999086
2017-12-31T13:00:00Z,28.67949654963545
2017-12-31T14:00:00Z,28.35949654963545
2017-12-31T15:00:00Z,28.32131473145363
2017-12-31T16:00:00Z,28.2240420041809
2017-12-31T17:00:00Z,27.6740420041809
2017-12-31T18:00:00Z,27.08222382236272
2017-12-31T19:00:00Z,25.51858745872636
2017-12-31T20:00:00Z,22.684951095089993
2017-12-31T21:00:00Z,19.39313291327181
2017-12-31T22:00:00Z,16.712223822362724
2017-12-31T23:00:00Z,15.865860185999084
2018-01-01T00:00:00Z,16.205860185999086
2018-01-01T01:00:00Z,15.393132913271812
2018-01-01T02:00:00Z,15.389496549635448
2018-01-01T03:00:00Z,14.69131473145363
2018-01-01T04:00:00Z,14.248587458726357
2018-01-01T05:00:00Z,13.190405640544538
2018-01-01T06:00:00Z,13.405860185999085
2018-01-01T07:00:00Z,16.85222382236272
2018-01-01T08:00:00Z,20.745860185999085
2018-01-01T09:00:00Z,23.74313291327181
2018-01-01T10:00:00Z,25.963132913271814
2018-01-01T11:00:00Z,28.26131473145363
2018-01-01T12:00:00Z,29.41131473145363
2018-01-01T13:00:00Z,29.346769276908173
2018-01-01T14:00:00Z,29.32131473145363
2018-01-01T15:00:00Z,28.854042004180904
2018-01-01T16:00:00Z,28.55131473145363
2018-01-01T17:00:00Z,27.954951095089992
2018-01-01T18:00:00Z,27.092223822362723
2018-01-01T19:00:00Z,25.51949654963545
2018-01-01T20:00:00Z,22.149496549635447
2018-01-01T21:00:00Z,18.844042004180903
2018-01-01T22:00:00Z,17.83858745872636
2018-01-01T23:00:00Z,17.40949654963545
2018-01-02T00:00:00Z,17.718587458726358
2018-01-02T01:00:00Z,17.454951095089992
2018-01-02T02:00:00Z,17.34040564054454
2018-01-02T03:00:00Z,16.16040564054454
2018-01-02T04:00:00Z,15.335860185999085
2018-01-02T05:00:00Z,14.038587458726358
2018-01-02T06:00:00Z,13.53131473145363
2018-01-02T07:00:00Z,16.004951095089993
2018-01-02T08:00:00Z,18.7240420041809
2018-01-02T09:00:00Z,22.150405640544538
2018-01-02T10:00:00Z,23.727678367817266
2018-01-02T11:00:00Z,25.009496549635447
2018-01-02T12:00:00Z,25.337678367817265
2018-01-02T13:00:00Z,25.596769276908176
2018-01-02T14:00:00Z,25.778587458726356
2018-01-02T15:00:00Z,25.726769276908175
2018-01-02T16:00:00Z,25.607678367817268
2018-01-02T17:00:00Z,25.61131473145363
2018-01-02T18:00:00Z,25.156769276908175
2018-01-02T19:00:00Z,24.056769276908174
2018-01-02T20:00:00Z,21.874951095089994
2018-01-02T21:00:00Z,19.777678367817266
2018-01-02T22:00:00Z,18.798587458726356
2018-01-02T23:00:00Z,18.03040564054454
2018-01-03T00:00:00Z,16.96040564054454
2018-01-03T01:00:00Z,16.37131473145363
2018-01-03T02:00:00Z,15.62131473145363
2018-01-03T03:00:00Z,14.88131473145363
2018-01-03T04:00:00Z,14.663132913271811
2018-01-03T05:00:00Z,13.327678367817267
2018-01-03T06:00:00Z,12.330405640544539
2018-01-03T07:00:00Z,15.375860185999084
2018-01-03T08:00:00Z,18.208587458726356
2018-01-03T09:00:00Z,20.804951095089994
2018-01-03T10:00:00Z,22.704042004180902
2018-01-03T11:00:00Z,24.45040564054454
2018-01-03T12:00:00Z,25.522223822362722
2018-01-03T13:00:00Z,26.354042004180904
2018-01-03T14:00:00Z,26.797678367817266
2018-01-03T15:00:00Z,27.039496549635448
2018-01-03T16:00:00Z,27.343132913271813
2018-01-03T17:00:00Z,27.31131473145363
2018-01-03T18:00:00Z,26.895860185999084
2018-01-03T19:00:00Z,25.716769276908174
2018-01-03T20:00:00Z,23.185860185999086
2018-01-03T21:00:00Z,20.26858745872636
2018-01-03T22:00:00Z,19.863132913271812
2018-01-03T23:00:00Z,19.523132913271812
2018-01-04T00:00:00Z,18.51949654963545
2018-01-04T01:00:00Z,17.115860185999086
2018-01-04T02:00:00Z,16.183132913271812
2018-01-04T03:00:00Z,15.17222382236272
2018-01-04T04:00:00Z,13.578587458726357
2018-01-04T05:00:00Z,11.12040564054454
2018-01-04T06:00:00Z,11.06040564054454
2018-01-04T07:00:00Z,16.216769276908174
2018-01-04T08:00:00Z,20.634951095089995
2018-01-04T09:00:00Z,23.854042004180904
2018-01-04T10:00:00Z,26.194042004180904
2018-01-04T11:00:00Z,28.456769276908176
2018-01-04T12:00:00Z,29.794042004180902
2018-01-04T13:00:00Z,30.01222382236272
2018-01-04T14:00:00Z,30.534042004180904
2018-01-04T15:00:00Z,30.849496549635447
2018-01-04T16:00:00Z,30.888587458726356
2018-01-04T17:00:00Z,30.484042004180903
2018-01-04T18:00:00Z,29.87040564054454
2018-01-04T19:00:00Z,28.093132913271813
2018-01-04T20:00:00Z,23.975860185999085
2018-01-04T21:00:00Z,20.606769276908175
2018-01-04T22:00:00Z,18.97222382236272
2018-01-04T23:00:00Z,17.79949654963545
2018-01-05T00:00:00Z,18.878587458726358
2018-01-05T01:00:00Z,18.325860185999083
2018-01-05T02:00:00Z,18.53313291327181
2018-01-05T03:00:00Z,17.147678367817267
2018-01-05T04:00:00Z,16.48222382236272
2018-01-05T05:00:00Z,15.79040564054454
2018-01-05T06:00:00Z,14.500405640544539
2018-01-05T07:00:00Z,18.363132913271812
2018-01-05T08:00:00Z,22.73222382236272
2018-01-05T09:00:00Z,26.846769276908176
2018-01-05T10:00:00Z,30.32222382236272
2018-01-05T11:00:00Z,33.10222382236272
2018-01-05T12:00:00Z,33.08040564054454
2018-01-05T13:00:00Z,33.031314731453634
2018-01-05T14:00:00Z,33.0040420041809
2018-01-05T15:00:00Z,32.5040420041809
2018-01-05T16:00:00Z,32.25495109508999
2018-01-05T17:00:00Z,31.82222382236272
2018-01-05T18:00:00Z,31.10313291327181
2018-01-05T19:00:00Z,29.006769276908177
2018-01-05T20:00:00Z,25.426769276908175
2018-01-05T21:00:00Z,21.397678367817267
2018-01-05T22:00:00Z,19.538587458726358
2018-01-05T23:00:00Z,18.47949654963545
2018-01-06T00:00:00Z,17.65313291327181
2018-01-06T01:00:00Z,16.862223822362722
2018-01-06T02:00:00Z,16.527678367817266
2018-01-06T03:00:00Z,15.92131473145363
2018-01-06T04:00:00Z,15.29040564054454
2018-01-06T05:00:00Z,15.244042004180903
2018-01-06T06:00:00Z,18.434951095089993
2018-01-06T07:00:00Z,22.394951095089993
2018-01-06T08:00:00Z,25.99949654963545
2018-01-06T09:00:00Z,29.496769276908175
2018-01-06T10:00:00Z,31.88222382236272
2018-01-06T11:00:00Z,33.16131473145363
2018-01-06T12:00:00Z,33.286769276908174
2018-01-06T13:00:00Z,33.38222382236272
2018-01-06T14:00:00Z,33.422223822362724
2018-01-06T15:00:00Z,33.33767836781727
2018-01-06T16:00:00Z,33.12222382236272
2018-01-06T17:00:00Z,33.00586018599908
2018-01-06T18:00:00Z,32.093132913271816
2018-01-06T19:00:00Z,30.26313291327181
2018-01-06T20:00:00Z,25.806769276908177
2018-01-06T21:00:00Z,28.146769276908174
2018-01-06T22:00:00Z,25.387678367817266
2018-01-06T23:00:00Z,23.8340420041809
2018-01-07T00:00:00Z,24.18040564054454
2018-01-07T01:00:00Z,21.134042004180902
2018-01-07T02:00:00Z,19.094042004180903
2018-01-07T03:00:00Z,17.22222382236272
2018-01-07T04:00:00Z,16.793132913271812
2018-01-07T05:00:00Z,16.65858745872636
2018-01-07T06:00:00Z,17.399496549635447
2018-01-07T07:00:00Z,20.040405640544538
2018-01-07T08:00:00Z,23.08858745872636
2018-01-07T09:00:00Z,26.214042004180904
2018-01-07T10:00:00Z,29.00131473145363
2018-01-07T11:00:00Z,31.46131473145363
2018-01-07T12:00:00Z,31.266769276908175
2018-01-07T13:00:00Z,31.67949654963545
2018-01-07T14:00:00Z,33.12858745872636
2018-01-07T15:00:00Z,32.88313291327181
2018-01-07T16:00:00Z,32.82222382236272
2018-01-07T17:00:00Z,32.22495109508999
2018-01-07T18:00:00Z,31.73131473145363
2018-01-07T19:00:00Z,30.378587458726358
2018-01-07T20:00:00Z,28.025860185999086
2018-01-07T21:00:00Z,24.67858745872636
2018-01-07T22:00:00Z,22.474951095089995
2018-01-07T23:00:00Z,21.60949654963545
2018-01-08T00:00:00Z,20.845860185999083
2018-01-08T01:00:00Z,20.14222382236272
2018-01-08T02:00:00Z,20.25131473145363
2018-01-08T03:00:00Z,20.858587458726358
2018-01-08T04:00:00Z,20.214951095089994
2018-01-08T05:00:00Z,19.444951095089994
2018-01-08T06:00:00Z,19.94131473145363
2018-01-08T07:00:00Z,21.034042004180904
2018-01-08T08:00:00Z,22.5840420041809
2018-01-08T09:00:00Z,22.33949654963545
2018-01-08T10:00:00Z,22.449496549635448
2018-01-08T11:00:00Z,24.503132913271813
2018-01-08T12:00:00Z,26.994951095089995
2018-01-08T13:00:00Z,32.07495109508999
2018-01-08T14:00:00Z,28.777678367817266
2018-01-08T15:00:00Z,28.357678367817265
2018-01-08T16:00:00Z,36.41767836781727
2018-01-08T17:00:00Z,28.24858745872636
2018-01-08T18:00:00Z,27.916769276908177
2018-01-08T19:00:00Z,24.933132913271812
2018-01-08T20:00:00Z,22.612223822362722
2018-01-08T21:00:00Z,21.34040564054454
2018-01-08T22:00:00Z,19.71131473145363
2018-01-08T23:00:00Z,18.754951095089993
2018-01-09T00:00:00Z,17.735860185999083
2018-01-09T01:00:00Z,16.822223822362723
2018-01-09T02:00:00Z,16.678587458726355
2018-01-09T03:00:00Z,17.183132913271812
2018-01-09T04:00:00Z,15.969496549635448
2018-01-09T05:00:00Z,15.372223822362722
2018-01-09T06:00:00Z,14.929496549635449
2018-01-09T07:00:00Z,16.7640420041809
2018-01-09T08:00:00Z,19.875860185999084
2018-01-09T09:00:00Z,22.368587458726356
2018-01-09T10:00:00Z,24.476769276908175
2018-01-09T11:00:00Z,25.863132913271812
2018-01-09T12:00:00Z,26.717678367817268
2018-01-09T13:00:00Z,27.295860185999086
2018-01-09T14:00:00Z,27.71313291327181
2018-01-09T15:00:00Z,27.89040564054454
2018-01-09T16:00:00Z,27.72040564054454
2018-01-09T17:00:00Z,27.506769276908177
2018-01-09T18:00:00Z,26.827678367817267
2018-01-09T19:00:00Z,25.503132913271813
2018-01-09T20:00:00Z,23.188587458726357
2018-01-09T21:00:00Z,21.075860185999083
2018-01-09T22:00:00Z,19.775860185999086
2018-01-09T23:00:00Z,17.759496549635447
2018-01-10T00:00:00Z,16.32040564054454
2018-01-10T01:00:00Z,14.86222382236272
2018-01-10T02:00:00Z,13.710405640544538
2018-01-10T03:00:00Z,12.244042004180903
2018-01-10T04:00:00Z,10.410405640544539
2018-01-10T05:00:00Z,10.639496549635448
2018-01-10T06:00:00Z,9.462223822362722
2018-01-10T07:00:00Z,13.504042004180903
2018-01-10T08:00:00Z,17.70040564054454
2018-01-10T09:00:00Z,20.736769276908177
2018-01-10T10:00:00Z,23.474951095089992
2018-01-10T11:00:00Z,25.066769276908175
2018-01-10T12:00:00Z,25.767678367817265
2018-01-10T13:00:00Z,28.014042004180904
2018-01-10T14:00:00Z,28.606769276908175
2018-01-10T15:00:00Z,27.86949654963545
2018-01-10T16:00:00Z,27.123132913271814
2018-01-10T17:00:00Z,26.075860185999083
2018-01-10T18:00:00Z,23.717678367817268
2018-01-10T19:00:00Z,23.025860185999086
2018-01-10T20:00:00Z,20.634951095089992
2018-01-10T21:00:00Z,18.638587458726356
2018-01-10T22:00:00Z,17.259496549635447
2018-01-10T23:00:00Z,16.325860185999083
2018-01-11T00:00:00Z,15.254042004180903
2018-01-11T01:00:00Z,15.485860185999085
2018-01-11T02:00:00Z,15.35131473145363
2018-01-11T03:00:00Z,13.698587458726358
2018-01-11T04:00:00Z,12.754951095089993
2018-01-11T05:00:00Z,11.667678367817267
2018-01-11T06:00:00Z,13.369496549635448
2018-01-11T07:00:00Z,16.07040564054454
2018-01-11T08:00:00Z,21.596769276908176
2018-01-11T09:00:00Z,25.934042004180903
2018-01-11T10:00:00Z,28.218587458726358
2018-01-11T11:00:00Z,30.13313291327181
2018-01-11T12:00:00Z,31.18131473145363
2018-01-11T13:00:00Z,30.55222382236272
2018-01-11T14:00:00Z,30.71222382236272
2018-01-11T15:00:00Z,30.4240420041809
2018-01-11T16:00:00Z,31.093132913271813
2018-01-11T17:00:00Z,30.70040564054454
2018-01-11T18:00:00Z,29.49495109508999
2018-01-11T19:00:00Z,27.56949654963545
2018-01-11T20:00:00Z,25.52131473145363
2018-01-11T21:00:00Z,24.182223822362722
2018-01-11T22:00:00Z,24.21222382236272
2018-01-11T23:00:00Z,24.74313291327181
2018-01-12T00:00:00Z,24.627678367817264
2018-01-12T01:00:00Z,24.52040564054454
2018-01-12T02:00:00Z,24.336769276908175
2018-01-12T03:00:00Z,23.814951095089995
2018-01-12T04:00:00Z,23.452223822362722
2018-01-12T05:00:00Z,22.66222382236272
2018-01-12T06:00:00Z,23.516769276908175
2018-01-12T07:00:00Z,24.374042004180904
2018-01-12T08:00:00Z,24.995860185999085
2018-01-12T09:00:00Z,26.726769276908175
2018-01-12T10:00:00Z,28.568587458726356
2018-01-12T11:00:00Z,30.257678367817267
2018-01-12T12:00:00Z,29.86131473145363
2018-01-12T13:00:00Z,31.02131473145363
2018-01-12T14:00:00Z,29.44313291327181
2018-01-12T15:00:00Z,29.13858745872636
2018-01-12T16:00:00Z,27.309496549635448
2018-01-12T17:00:00Z,25.01313291327181
2018-01-12T18:00:00Z,22.526769276908176
2018-01-12T19:00:00Z,22.185860185999083
2018-01-12T20:00:00Z,21.04949654963545
2018-01-12T21:00:00Z,19.695860185999084
2018-01-12T22:00:00Z,19.80131473145363
2018-01-12T23:00:00Z,19.489496549635447
2018-01-13T00:00:00Z,18.76313291327181
2018-01-13T01:00:00Z,17.81131473145363
2018-01-13T02:00:00Z,16.970405640544538
2018-01-13T03:00:00Z,16.46222382236272
2018-01-13T04:00:00Z,15.454042004180902
2018-01-13T05:00:00Z,13.816769276908175
2018-01-13T06:00:00Z,13.194042004180902
2018-01-13T07:00:00Z,14.746769276908175
2018-01-13T08:00:00Z,16.863132913271812
2018-01-13T09:00:00Z,19.579496549635447
2018-01-13T10:00:00Z,21.606769276908175
2018-01-13T11:00:00Z,22.067678367817265
2018-01-13T12:00:00Z,24.073132913271813
2018-01-13T13:00:00Z,22.559496549635448
2018-01-13T14:00:00Z,21.816769276908175
2018-01-13T15:00:00Z,21.92949654963545
2018-01-13T16:00:00Z,20.42131473145363
2018-01-13T17:00:00Z,18.05131473145363
2018-01-13T18:00:00Z,18.304042004180904
2018-01-13T19:00:00Z,17.81313291327181
2018-01-13T20:00:00Z,16.53040564054454
2018-01-13T21:00:00Z,15.224042004180903
2018-01-13T22:00:00Z,13.997678367817267
2018-01-13T23:00:00Z,12.878587458726358
2018-01-14T00:00:00Z,12.234951095089993
2018-01-14T01:00:00Z,11.425860185999085
2018-01-14T02:00:00Z,10.535860185999084
2018-01-14T03:00:00Z,9.326769276908175
2018-01-14T04:00:00Z,8.955860185999084
2018-01-14T05:00:00Z,8.399496549635447
2018-01-14T06:00:00Z,8.28131473145363
2018-01-14T07:00:00Z,11.07040564054454
2018-01-14T08:00:00Z,15.044042004180904
2018-01-14T09:00:00Z,18.627678367817268
2018-01-14T10:00:00Z,21.42313291327181
2018-01-14T11:00:00Z,23.379496549635448
2018-01-14T12:00:00Z,24.386769276908176
2018-01-14T13:00:00Z,25.28313291327181
2018-01-14T14:00:00Z,25.457678367817266
2018-01-14T15:00:00Z,25.66131473145363
2018-01-14T16:00:00Z,25.73131473145363
2018-01-14T17:00:00Z,25.51040564054454
2018-01-14T18:00:00Z,24.754042004180903
2018-01-14T19:00:00Z,23.10949654963545
2018-01-14T20:00:00Z,20.163132913271813
2018-01-14T21:00:00Z,17.337678367817265
2018-01-14T22:00:00Z,16.964951095089994
2018-01-14T23:00:00Z,15.564042004180903
2018-01-15T00:00:00Z,13.675860185999085
2018-01-15T01:00:00Z,12.675860185999085
2018-01-15T02:00:00Z,11.694042004180902
2018-01-15T03:00:00Z,12.910405640544539
2018-01-15T04:00:00Z,13.024042004180902
2018-01-15T05:00:00Z,12.463132913271812
2018-01-15T06:00:00Z,11.849496549635449
2018-01-15T07:00:00Z,14.520405640544539
2018-01-15T08:00:00Z,18.065860185999085
2018-01-15T09:00:00Z,21.50040564054454
2018-01-15T10:00:00Z,24.449496549635448
2018-01-15T11:00:00Z,26.543132913271812
2018-01-15T12:00:00Z,27.756769276908177
2018-01-15T13:00:00Z,28.435860185999086
2018-01-15T14:00:00Z,28.99040564054454
2018-01-15T15:00:00Z,29.51131473145363
2018-01-15T16:00:00Z,29.53222382236272
2018-01-15T17:00:00Z,29.205860185999086
2018-01-15T18:00:00Z,28.727678367817266
2018-01-15T19:00:00Z,27.30313291327181
2018-01-15T20:00:00Z,24.309496549635448
2018-01-15T21:00:00Z,21.51131473145363
2018-01-15T22:00:00Z,19.524951095089992
2018-01-15T23:00:00Z,17.607678367817268
2018-01-16T00:00:00Z,15.95131473145363
2018-01-16T01:00:00Z,14.78222382236272
2018-01-16T02:00:00Z,14.358587458726358
2018-01-16T03:00:00Z,13.448587458726358
2018-01-16T04:00:00Z,12.366769276908176
2018-01-16T05:00:00Z,11.662223822362721
2018-01-16T06:00:00Z,11.209496549635448
2018-01-16T07:00:00Z,14.164042004180903
2018-01-16T08:00:00Z,18.355860185999084
2018-01-16T09:00:00Z,22.631314731453628
2018-01-16T10:00:00Z,26.875860185999084
2018-01-16T11:00:00Z,29.705860185999086
2018-01-16T12:00:00Z,30.305860185999084
2018-01-16T13:00:00Z,31.06131473145363
2018-01-16T14:00:00Z,30.76949654963545
2018-01-16T15:00:00Z,30.658587458726355
2018-01-16T16:00:00Z,30.47222382236272
2018-01-16T17:00:00Z,29.955860185999086
2018-01-16T18:00:00Z,28.919496549635447
2018-01-16T19:00:00Z,26.885860185999086
2018-01-16T20:00:00Z,21.71040564054454
2018-01-16T21:00:00Z,17.77131473145363
2018-01-16T22:00:00Z,16.875860185999084
2018-01-16T23:00:00Z,19.31313291327181
2018-01-17T00:00:00Z,18.30040564054454
2018-01-17T01:00:00Z,16.849496549635447
2018-01-17T02:00:00Z,15.773132913271812
2018-01-17T03:00:00Z,14.148587458726357
2018-01-17T04:00:00Z,11.919496549635449
2018-01-17T05:00:00Z,11.60222382236272
2018-01-17T06:00:00Z,11.345860185999085
2018-01-17T07:00:00Z,14.830405640544539
2018-01-17T08:00:00Z,19.880405640544538
2018-01-17T09:00:00Z,24.67858745872636
2018-01-17T10:00:00Z,28.95949654963545
2018-01-17T11:00:00Z,31.556769276908174
2018-01-17T12:00:00Z,32.15949654963545
2018-01-17T13:00:00Z,32.32313291327181
2018-01-17T14:00:00Z,32.43131473145363
2018-01-17T15:00:00Z,32.25767836781726
2018-01-17T16:00:00Z,31.888587458726356
2018-01-17T17:00:00Z,31.24222382236272
2018-01-17T18:00:00Z,30.205860185999086
2018-01-17T19:00:00Z,27.486769276908177
2018-01-17T20:00:00Z,22.004951095089993
2018-01-17T21:00:00Z,18.26858745872636
2018-01-17T22:00:00Z,16.296769276908176
2018-01-17T23:00:00Z,14.85222382236272
2018-01-18T00:00:00Z,13.96222382236272
2018-01-18T01:00:00Z,12.949496549635448
2018-01-18T02:00:00Z,13.295860185999086
2018-01-18T03:00:00Z,13.327678367817267
2018-01-18T04:00:00Z,12.347678367817267
2018-01-18T05:00:00Z,11.580405640544539
2018-01-18T06:00:00Z,11.584951095089995
2018-01-18T07:00:00Z,16.273132913271812
2018-01-18T08:00:00Z,21.77040564054454
2018-01-18T09:00:00Z,26.458587458726356
2018-01-18T10:00:00Z,30.15949654963545
2018-01-18T11:00:00Z,32.58767836781727
2018-01-18T12:00:00Z,33.998587458726355
2018-01-18T13:00:00Z,34.714042004180904
2018-01-18T14:00:00Z,34.43767836781726
2018-01-18T15:00:00Z,34.27949654963545
2018-01-18T16:00:00Z,33.83313291327181
2018-01-18T17:00:00Z,33.249496549635445
2018-01-18T18:00:00Z,31.994951095089995
2018-01-18T19:00:00Z,30.184951095089993
2018-01-18T20:00:00Z,25.52949654963545
2018-01-18T21:00:00Z,20.734042004180903
2018-01-18T22:00:00Z,18.874951095089994
2018-01-18T23:00:00Z,17.705860185999086
2018-01-19T00:00:00Z,17.118587458726356
2018-01-19T01:00:00Z,18.46131473145363
2018-01-19T02:00:00Z,19.415860185999083
2018-01-19T03:00:00Z,18.936769276908176
2018-01-19T04:00:00Z,17.96131473145363
2018-01-19T05:00:00Z,15.918587458726357
2018-01-19T06:00:00Z,15.312223822362721
2018-01-19T07:00:00Z,18.105860185999084
2018-01-19T08:00:00Z,23.289496549635448
2018-01-19T09:00:00Z,28.004951095089993
2018-01-19T10:00:00Z,31.51131473145363
2018-01-19T11:00:00Z,33.59040564054454
2018-01-19T12:00:00Z,34.844951095089996
2018-01-19T13:00:00Z,36.05858745872636
2018-01-19T14:00:00Z,35.92949654963545
2018-01-19T15:00:00Z,35.26949654963545
2018-01-19T16:00:00Z,34.9740420041809
2018-01-19T17:00:00Z,34.08586018599908
2018-01-19T18:00:00Z,33.16858745872636
2018-01-19T19:00:00Z,29.354951095089994
2018-01-19T20:00:00Z,24.154951095089995
2018-01-19T21:00:00Z,21.477678367817266
2018-01-19T22:00:00Z,20.17222382236272
2018-01-19T23:00:00Z,20.53313291327181
2018-01-20T00:00:00Z,19.16040564054454
2018-01-20T01:00:00Z,18.107678367817265
2018-01-20T02:00:00Z,17.907678367817265
2018-01-20T03:00:00Z,17.948587458726358
2018-01-20T04:00:00Z,17.62040564054454
2018-01-20T05:00:00Z,16.974951095089995
2018-01-20T06:00:00Z,17.415860185999083
2018-01-20T07:00:00Z,19.524951095089992
2018-01-20T08:00:00Z,24.199496549635448
2018-01-20T09:00:00Z,28.708587458726356
2018-01-20T10:00:00Z,32.29858745872636
2018-01-20T11:00:00Z,34.21222382236272
2018-01-20T12:00:00Z,35.78949654963545
2018-01-20T13:00:00Z,36.47767836781727
2018-01-20T14:00:00Z,36.33131473145363
2018-01-20T15:00:00Z,35.94586018599909
2018-01-20T16:00:00Z,35.844042004180906
2018-01-20T17:00:00Z,35.00495109508999
2018-01-20T18:00:00Z,32.34676927690818
2018-01-20T19:00:00Z,32.12767836781727
2018-01-20T20:00:00Z,29.08313291327181
2018-01-20T21:00:00Z,27.541314731453628
2018-01-20T22:00:00Z,25.734042004180903
2018-01-20T23:00:00Z,23.778587458726356
2018-01-21T00:00:00Z,23.215860185999084
2018-01-21T01:00:00Z,21.543132913271812
2018-01-21T02:00:00Z,19.772223822362722
2018-01-21T03:00:00Z,18.63949654963545
2018-01-21T04:00:00Z,18.886769276908176
2018-01-21T05:00:00Z,18.27131473145363
2018-01-21T06:00:00Z,16.780405640544537
2018-01-21T07:00:00Z,18.73040564054454
2018-01-21T08:00:00Z,25.938587458726357
2018-01-21T09:00:00Z,29.196769276908174
2018-01-21T10:00:00Z,33.175860185999085
2018-01-21T11:00:00Z,34.41949654963545
2018-01-21T12:00:00Z,36.71222382236272
2018-01-21T13:00:00Z,37.43767836781726
2018-01-21T14:00:00Z,35.964042004180904
2018-01-21T15:00:00Z,34.72131473145363
2018-01-21T16:00:00Z,34.12586018599908
2018-01-21T17:00:00Z,33.14222382236272
2018-01-21T18:00:00Z,30.469496549635448
2018-01-21T19:00:00Z,29.277678367817266
2018-01-21T20:00:00Z,26.466769276908177
2018-01-21T21:00:00Z,23.865860185999086
2018-01-21T22:00:00Z,22.99222382236272
2018-01-21T23:00:00Z,23.214951095089994
2018-01-22T00:00:00Z,22.83222382236272
2018-01-22T01:00:00Z,22.073132913271813
2018-01-22T02:00:00Z,21.62131473145363
2018-01-22T03:00:00Z,21.526769276908176
2018-01-22T04:00:00Z,21.323132913271813
2018-01-22T05:00:00Z,20.989496549635447
2018-01-22T06:00:00Z,21.006769276908177
2018-01-22T07:00:00Z,21.669496549635447
2018-01-22T08:00:00Z,22.53222382236272
2018-01-22T09:00:00Z,23.323132913271813
2018-01-22T10:00:00Z,26.547678367817266
2018-01-22T11:00:00Z,26.30040564054454
2018-01-22T12:00:00Z,28.206769276908176
2018-01-22T13:00:00Z,32.22040564054454
2018-01-22T14:00:00Z,33.41586018599909
2018-01-22T15:00:00Z,33.179496549635445
2018-01-22T16:00:00Z,30.664042004180903
2018-01-22T17:00:00Z,28.51767836781727
2018-01-22T18:00:00Z,28.414951095089993
2018-01-22T19:00:00Z,27.463132913271814
2018-01-22T20:00:00Z,25.007678367817267
2018-01-22T21:00:00Z,22.688587458726357
2018-01-22T22:00:00Z,20.93131473145363
2018-01-22T23:00:00Z,20.456769276908176
2018-01-23T00:00:00Z,19.458587458726356
2018-01-23T01:00:00Z,20.186769276908176
2018-01-23T02:00:00Z,21.548587458726356
2018-01-23T03:00:00Z,20.498587458726355
2018-01-23T04:00:00Z,19.810405640544538
2018-01-23T05:00:00Z,18.634042004180902
2018-01-23T06:00:00Z,17.587678367817265
2018-01-23T07:00:00Z,18.587678367817265
2018-01-23T08:00:00Z,21.777678367817266
2018-01-23T09:00:00Z,25.148587458726357
2018-01-23T10:00:00Z,28.075860185999083
2018-01-23T11:00:00Z,31.124042004180904
2018-01-23T12:00:00Z,33.18495109508999
2018-01-23T13:00:00Z,34.45313291327181
2018-01-23T14:00:00Z,34.958587458726356
2018-01-23T15:00:00Z,34.29767836781727
2018-01-23T16:00:00Z,33.5140420041809
2018-01-23T17:00:00Z,32.55131473145363
2018-01-23T18:00:00Z,30.92949654963545
2018-01-23T19:00:00Z,28.264951095089994
2018-01-23T20:00:00Z,23.9740420041809
2018-01-23T21:00:00Z,21.006769276908177
2018-01-23T22:00:00Z,20.220405640544538
2018-01-23T23:00:00Z,20.787678367817268
2018-01-24T00:00:00Z,21.117678367817266
2018-01-24T01:00:00Z,19.545860185999086
2018-01-24T02:00:00Z,20.208587458726356
2018-01-24T03:00:00Z,19.303132913271813
2018-01-24T04:00:00Z,17.737678367817267
2018-01-24T05:00:00Z,16.534042004180904
2018-01-24T06:00:00Z,16.741314731453627
2018-01-24T07:00:00Z,17.810405640544538
2018-01-24T08:00:00Z,21.74222382236272
2018-01-24T09:00:00Z,25.698587458726358
2018-01-24T10:00:00Z,29.367678367817266
2018-01-24T11:00:00Z,32.203132913271816
2018-01-24T12:00:00Z,33.884042004180905
2018-01-24T13:00:00Z,35.23495109508999
2018-01-24T14:00:00Z,35.55040564054454
2018-01-24T15:00:00Z,36.18858745872636
2018-01-24T16:00:00Z,33.852223822362724
2018-01-24T17:00:00Z,33.454951095089996
2018-01-24T18:00:00Z,32.787678367817264
2018-01-24T19:00:00Z,29.417678367817267
2018-01-24T20:00:00Z,25.715860185999084
2018-01-24T21:00:00Z,24.75131473145363
2018-01-24T22:00:00Z,24.174042004180905
2018-01-24T23:00:00Z,23.24222382236272
2018-01-25T00:00:00Z,22.22222382236272
2018-01-25T01:00:00Z,21.899496549635447
2018-01-25T02:00:00Z,21.504042004180903
2018-01-25T03:00:00Z,20.597678367817267
2018-01-25T04:00:00Z,19.394042004180903
2018-01-25T05:00:00Z,19.35313291327181
2018-01-25T06:00:00Z,19.502223822362723
2018-01-25T07:00:00Z,22.387678367817266
2018-01-25T08:00:00Z,26.166769276908177
2018-01-25T09:00:00Z,29.8140420041809
2018-01-25T10:00:00Z,33.133132913271815
2018-01-25T11:00:00Z,35.25131473145363
2018-01-25T12:00:00Z,36.22040564054454
2018-01-25T13:00:00Z,37.44586018599909
2018-01-25T14:00:00Z,35.136769276908176
2018-01-25T15:00:00Z,29.35040564054454
2018-01-25T16:00:00Z,27.759496549635447
2018-01-25T17:00:00Z,27.534042004180904
2018-01-25T18:00:00Z,29.131314731453628
2018-01-25T19:00:00Z,26.29131473145363
2018-01-25T20:00:00Z,24.16222382236272
2018-01-25T21:00:00Z,22.036769276908174
2018-01-25T22:00:00Z,21.637678367817266
2018-01-25T23:00:00Z,21.48040564054454
2018-01-26T00:00:00Z,20.76040564054454
2018-01-26T01:00:00Z,20.877678367817268
2018-01-26T02:00:00Z,20.2240420041809
2018-01-26T03:00:00Z,19.694951095089994
2018-01-26T04:00:00Z,19.93040564054454
2018-01-26T05:00:00Z,19.894042004180903
2018-01-26T06:00:00Z,19.984042004180903
2018-01-26T07:00:00Z,21.725860185999085
2018-01-26T08:00:00Z,25.184951095089993
2018-01-26T09:00:00Z,28.33949654963545
2018-01-26T10:00:00Z,31.595860185999086
2018-01-26T11:00:00Z,33.889496549635446
2018-01-26T12:00:00Z,36.50858745872636
2018-01-26T13:00:00Z,36.69495109508999
2018-01-26T14:00:00Z,36.673132913271814
2018-01-26T15:00:00Z,36.3040420041809
2018-01-26T16:00:00Z,36.15495109508999
2018-01-26T17:00:00Z,33.464951095089994
2018-01-26T18:00:00Z,28.88313291327181
2018-01-26T19:00:00Z,27.13313291327181
2018-01-26T20:00:00Z,26.184042004180903
2018-01-26T21:00:00Z,24.526769276908176
2018-01-26T22:00:00Z,24.004042004180903
2018-01-26T23:00:00Z,23.284042004180904
2018-01-27T00:00:00Z,22.214042004180904
2018-01-27T01:00:00Z,21.68131473145363
2018-01-27T02:00:00Z,21.738587458726357
2018-01-27T03:00:00Z,21.434951095089993
2018-01-27T04:00:00Z,20.83131473145363
2018-01-27T05:00:00Z,20.61949654963545
2018-01-27T06:00:00Z,20.295860185999086
2018-01-27T07:00:00Z,22.008587458726357
2018-01-27T08:00:00Z,25.861314731453632
2018-01-27T09:00:00Z,29.45131473145363
2018-01-27T10:00:00Z,32.677678367817265
2018-01-27T11:00:00Z,35.54495109508999
2018-01-27T12:00:00Z,37.3640420041809
2018-01-27T13:00:00Z,38.58313291327181
2018-01-27T14:00:00Z,38.66949654963545
2018-01-27T15:00:00Z,37.319496549635446
2018-01-27T16:00:00Z,36.86858745872636
2018-01-27T17:00:00Z,35.58767836781727
2018-01-27T18:00:00Z,34.15495109508999
2018-01-27T19:00:00Z,31.20040564054454
2018-01-27T20:00:00Z,29.20040564054454
2018-01-27T21:00:00Z,27.31313291327181
2018-01-27T22:00:00Z,26.525860185999086
2018-01-27T23:00:00Z,25.854042004180904
2018-01-28T00:00:00Z,25.134951095089995
2018-01-28T01:00:00Z,24.22222382236272
2018-01-28T02:00:00Z,23.326769276908177
2018-01-28T03:00:00Z,22.76131473145363
2018-01-28T04:00:00Z,22.023132913271812
2018-01-28T05:00:00Z,21.68949654963545
2018-01-28T06:00:00Z,21.834951095089995
2018-01-28T07:00:00Z,23.414042004180903
2018-01-28T08:00:00Z,26.766769276908175
2018-01-28T09:00:00Z,30.214042004180904
2018-01-28T10:00:00Z,33.1540420041809
2018-01-28T11:00:00Z,35.8240420041809
2018-01-28T12:00:00Z,37.634042004180905
2018-01-28T13:00:00Z,38.62040564054454
2018-01-28T14:00:00Z,38.8940420041809
2018-01-28T15:00:00Z,39.024951095089996
2018-01-28T16:00:00Z,37.37858745872636
2018-01-28T17:00:00Z,35.74222382236272
2018-01-28T18:00:00Z,33.83313291327181
2018-01-28T19:00:00Z,32.321314731453626
2018-01-28T20:00:00Z,29.317678367817265
2018-01-28T21:00:00Z,26.649496549635447
2018-01-28T22:00:00Z,25.932223822362722
2018-01-28T23:00:00Z,26.89131473145363
2018-01-29T00:00:00Z,27.526769276908176
2018-01-29T01:00:00Z,26.495860185999085
2018-01-29T02:00:00Z,26.19040564054454
2018-01-29T03:00:00Z,25.666769276908177
2018-01-29T04:00:00Z,24.9740420041809
2018-01-29T05:00:00Z,24.704951095089992
2018-01-29T06:00:00Z,24.27131473145363
2018-01-29T07:00:00Z,25.01949654963545
2018-01-29T08:00:00Z,26.28313291327181
2018-01-29T09:00:00Z,27.697678367817268
2018-01-29T10:00:00Z,28.714951095089994
2018-01-29T11:00:00Z,32.19949654963545
2018-01-29T12:00:00Z,36.288587458726354
2018-01-29T13:00:00Z,38.29040564054454
2018-01-29T14:00:00Z,38.814951095089995
2018-01-29T15:00:00Z,38.6940420041809
2018-01-29T16:00:00Z,37.38222382236272
2018-01-29T17:00:00Z,31.844042004180903
2018-01-29T18:00:00Z,30.278587458726356
2018-01-29T19:00:00Z,28.874951095089994
2018-01-29T20:00:00Z,27.023132913271812
2018-01-29T21:00:00Z,25.558587458726358
2018-01-29T22:00:00Z,24.791314731453628
2018-01-29T23:00:00Z,23.524042004180902
2018-01-30T00:00:00Z,22.91131473145363
2018-01-30T01:00:00Z,22.236769276908177
2018-01-30T02:00:00Z,21.225860185999085
2018-01-30T03:00:00Z,20.97313291327181
2018-01-30T04:00:00Z,20.31495109508999
2018-01-30T05:00:00Z,19.755860185999087
2018-01-30T06:00:00Z,18.82222382236272
2018-01-30T07:00:00Z,18.166769276908177
2018-01-30T08:00:00Z,16.952223822362722
2018-01-30T09:00:00Z,15.896769276908175
2018-01-30T10:00:00Z,15.622223822362722
2018-01-30T11:00:00Z,18.80040564054454
2018-01-30T12:00:00Z,22.317678367817265
2018-01-30T13:00:00Z,24.75131473145363
2018-01-30T14:00:00Z,25.714042004180904
2018-01-30T15:00:00Z,25.43040564054454
2018-01-30T16:00:00Z,25.118587458726356
2018-01-30T17:00:00Z,23.842223822362723
2018-01-30T18:00:00Z,23.077678367817267
2018-01-30T19:00:00Z,20.665860185999083
2018-01-30T20:00:00Z,18.861314731453632
2018-01-30T21:00:00Z,17.83313291327181
2018-01-30T22:00:00Z,16.83858745872636
2018-01-30T23:00:00Z,15.991314731453631
2018-01-31T00:00:00Z,15.187678367817266
2018-01-31T01:00:00Z,14.448587458726356
2018-01-31T02:00:00Z,13.764042004180903
2018-01-31T03:00:00Z,12.322223822362721
2018-01-31T04:00:00Z,11.45040564054454
2018-01-31T05:00:00Z,11.028587458726358
2018-01-31T06:00:00Z,11.574951095089993
2018-01-31T07:00:00Z,12.759496549635449
2018-01-31T08:00:00Z,14.562223822362721
2018-01-31T09:00:00Z,16.30131473145363
2018-01-31T10:00:00Z,18.195860185999084
2018-01-31T11:00:00Z,19.879496549635448
2018-01-31T12:00:00Z,32.48858745872636
2018-01-31T13:00:00Z,35.814042004180905
2018-01-31T14:00:00Z,39.787678367817264
2018-01-31T15:00:00Z,38.245860185999085
2018-01-31T16:00:00Z,37.84949654963545
2018-01-31T17:00:00Z,33.813132913271815
2018-01-31T18:00:00Z,27.595860185999083
2018-01-31T19:00:00Z,23.725860185999085
2018-01-31T20:00:00Z,20.284951095089994
2018-01-31T21:00:00Z,18.29949654963545
2018-01-31T22:00:00Z,16.969496549635448
2018-01-31T23:00:00Z,15.853132913271812
